cutoff,rbo
20,0.5728760149579114
30,0.42589508720240593
40,0.3534161842232424
50,0.3053490743996598
60,0.2661099139606945
70,0.24711297177919658
80,0.23370655713459815
90,0.21725581101349772
100,0.20664119618786939
200,0.1666806791048044
300,0.15326371419391965
400,0.1478485155029988
500,0.14425224497259265
600,0.14231311500149066
700,0.13912008820556332
800,0.13722560914048837
900,0.13517896805005314
1000,0.13346849608613895
