cutoff,bpref
20,0.1343705736590943
30,0.16130508760944626
40,0.18021993884997056
50,0.1891543739900964
60,0.21575256635477738
70,0.2260323238988583
80,0.24045498019804076
90,0.24644201145852357
100,0.24631099405565007
200,0.26387394803976255
300,0.28342719166135105
400,0.29833238574030785
500,0.3004460732105218
600,0.3042766632265283
700,0.3049017908151893
800,0.30730405930702664
900,0.3174466421671651
1000,0.3189346266816133
