name,P_20,ndcg_cut_20,map
X^2,0.19273767605633804,0.555730164911596,0.4185224594795317
BM25,0.18996478873239436,0.5429029987998283,0.39839275746805575
Baseline,0.08226232394366152,0.1657644993922492,0.11721006971934138
Tf,0.0989436619718308,0.23188272574979538,0.1419758070469658
Dl,0.029973591549295846,0.06750519984399103,0.03549418713485004
Null,0.0005721830985915494,0.0015342584148862162,0.001240958793729673
