,XSqrA_M,BM25,Baseline,Tf,Dl,Null
XSqrA_M,1.0,0.5882215071985519,0.09262129612818544,0.15799219257947392,0.013634606266185213,0.0
BM25,0.5882215071985519,1.0,0.06878260175473798,0.1314258140688264,0.006207827260458839,0.0
Baseline,0.09262129612818544,0.06878260175473798,0.36076467397173173,0.07266811229659527,0.12143917915115356,0.0
Tf,0.15799219257947392,0.1314258140688264,0.07266811229659527,1.0,0.03945849295694495,0.0005128205128205128
Dl,0.013634606266185213,0.006207827260458839,0.12143917915115356,0.03945849295694495,1.0,0.0
Null,0.0,0.0,0.0,0.0005128205128205128,0.0,1.0
